noise_level,scale,mean_noise,std_noise,SNR_dB
low,1000,5.051944754086435e-05,0.011078959330916405,20.91220474243164
med,500,1.7469052181695588e-05,0.01564359851181507,17.915449142456055
high,100,6.27874760539271e-05,0.03516322374343872,10.88040828704834
